Date,AAPL,AMZN,GOOG
2017-05-31,36.153183,994.619995,964.859985
2017-06-01,36.252583,995.950012,966.950012
2017-06-02,36.789818,1006.72998,975.599976
2017-06-05,36.43008,1011.340027,983.679993
2017-06-06,36.553146,1003.0,976.570007
2017-06-07,36.770878,1010.070007,980.940002
2017-06-08,36.680943,1010.27002,983.409973
2017-06-09,35.258587,978.309998,949.830017
2017-06-12,34.416039,964.909973,942.900024
2017-06-13,34.692944,980.789978,953.400024
2017-06-14,34.354519,976.469971,950.76001
2017-06-15,34.148609,964.169983,942.309998
2017-06-16,33.670544,987.710022,939.780029
2017-06-19,34.633785,995.169983,957.369995
2017-06-20,34.319019,992.590027,950.630005
2017-06-21,34.522552,1002.22998,959.450012
2017-06-22,34.465752,1001.299988,957.090027
2017-06-23,34.619572,1003.73999,965.590027
2017-06-26,34.510719,993.97998,952.27002
2017-06-27,34.016075,976.780029,927.330017
2017-06-28,34.513084,990.330017,940.48999
2017-06-29,34.004238,975.929993,917.789978
2017-06-30,34.084728,968.0,908.72998
2017-07-03,33.961651,953.659973,898.700012
2017-07-05,34.101276,971.400024,911.710022
2017-07-06,33.779423,965.140015,906.690002
2017-07-07,34.122578,978.76001,918.590027
2017-07-10,34.330849,996.469971,928.799988
2017-07-11,34.442078,994.130005,930.090027
2017-07-12,34.491776,1006.51001,943.830017
2017-07-13,34.972214,1000.630005,947.159973
2017-07-14,35.272785,1001.809998,955.98999
2017-07-17,35.395844,1010.039978,953.419983
2017-07-18,35.518913,1024.449951,965.400024
2017-07-19,35.741383,1026.869995,970.890015
2017-07-20,35.580444,1028.699951,968.150024
2017-07-21,35.563885,1025.670044,972.919983
2017-07-24,35.994617,1038.949951,980.340027
2017-07-25,36.148453,1039.869995,950.700012
2017-07-26,36.318851,1052.800049,947.799988
2017-07-27,35.632507,1046.0,934.090027
2017-07-28,35.381645,1020.039978,941.530029
2017-07-31,35.199417,987.780029,930.5
2017-08-01,35.511818,996.190002,930.830017
2017-08-02,37.189774,995.890015,930.390015
2017-08-03,36.818211,986.919983,923.650024
2017-08-04,37.01228,987.580017,927.960022
2017-08-07,37.585014,992.27002,929.359985
2017-08-08,37.885578,989.840027,926.789978
2017-08-09,38.117516,982.01001,922.900024
2017-08-10,36.903397,956.919983,907.23999
2017-08-11,37.416607,967.98999,914.390015
2017-08-14,37.97971,983.299988,922.669983
2017-08-15,38.395504,982.73999,922.219971
2017-08-16,38.241066,978.179993,926.960022
2017-08-17,37.506893,960.570007,910.97998
2017-08-18,37.42136,958.469971,910.669983
2017-08-21,37.352455,953.289978,906.659973
2017-08-22,37.963078,966.900024,924.690002
2017-08-23,38.010586,958.0,927.0
2017-08-24,37.841904,952.450012,921.280029
2017-08-25,37.982082,945.26001,915.890015
2017-08-28,38.364628,946.02002,913.809998
2017-08-29,38.706749,954.059998,921.289978
2017-08-30,38.811291,967.590027,929.570007
2017-08-31,38.965733,980.599976,939.330017
2017-09-01,38.977604,978.25,937.340027
2017-09-05,38.509552,965.27002,928.450012
2017-09-06,38.469154,967.799988,927.809998
2017-09-07,38.31472,979.469971,935.950012
2017-09-08,37.689831,965.900024,926.5
2017-09-11,38.371731,977.960022,929.080017
2017-09-12,38.219669,982.580017,932.070007
2017-09-13,37.93219,999.599976,935.090027
2017-09-14,37.606678,992.210022,925.109985
2017-09-15,37.986832,986.789978,920.289978
2017-09-18,37.699348,974.190002,915.0
2017-09-19,37.713589,969.859985,921.809998
2017-09-20,37.081589,973.210022,931.580017
2017-09-21,36.444828,964.650024,932.450012
2017-09-22,36.088448,955.099976,928.530029
2017-09-25,35.770061,939.789978,920.969971
2017-09-26,36.385441,938.599976,924.859985
2017-09-27,36.644413,950.869995,944.48999
2017-09-28,36.418709,956.400024,949.5
2017-09-29,36.618282,961.349976,959.109985
2017-10-02,36.544628,959.190002,953.27002
2017-10-03,36.703815,957.099976,957.789978
2017-10-04,36.466221,965.450012,951.679993
2017-10-05,36.920025,980.849976,969.960022
2017-10-06,36.898651,989.580017,978.890015
2017-10-09,37.026947,990.98999,977.0
2017-10-10,37.041203,987.200012,972.599976
2017-10-11,37.195641,995.0,989.25
2017-10-12,37.06496,1000.929993,987.830017
2017-10-13,37.300182,1002.940002,989.679993
2017-10-16,37.986832,1006.340027,992.0
2017-10-17,38.127014,1009.130005,992.179993
2017-10-18,37.958324,997.0,992.809998
2017-10-19,37.060215,986.609985,984.450012
2017-10-20,37.124355,982.909973,988.200012
2017-10-23,37.105354,966.299988,968.450012
2017-10-24,37.326317,975.900024,970.539978
2017-10-25,37.16238,972.909973,973.330017
2017-10-26,37.399971,972.429993,972.559998
2017-10-27,38.740013,1100.949951,1019.27002
2017-10-30,39.612,1110.849976,1017.109985
2017-10-31,40.163204,1105.280029,1016.640015
2017-11-01,39.652382,1103.680054,1025.5
2017-11-02,39.942257,1094.219971,1025.579956
2017-11-03,40.985291,1111.599976,1032.47998
2017-11-06,41.401085,1120.660034,1025.900024
2017-11-07,41.534138,1123.170044,1033.329956
2017-11-08,41.873905,1132.880005,1039.849976
2017-11-09,41.788368,1129.130005,1031.26001
2017-11-10,41.650059,1125.349976,1028.069946
2017-11-13,41.483154,1129.170044,1025.75
2017-11-14,40.856026,1136.839966,1026.0
2017-11-15,40.317127,1126.689941,1020.909973
2017-11-16,40.798805,1137.290039,1032.5
2017-11-17,40.572281,1129.880005,1019.090027
2017-11-20,40.531734,1126.310059,1018.380005
2017-11-21,41.28524,1139.48999,1034.48999
2017-11-22,41.719227,1156.160034,1035.959961
2017-11-24,41.721607,1186.0,1040.609985
2017-11-27,41.511765,1195.829956,1054.209961
2017-11-28,41.268547,1193.599976,1047.410034
2017-11-29,40.412514,1161.27002,1021.659973
2017-11-30,40.97765,1176.75,1021.409973
2017-12-01,40.786888,1162.349976,1010.169983
2017-12-04,40.488811,1133.949951,998.679993
2017-12-05,40.450665,1141.569946,1005.150024
2017-12-06,40.300442,1152.349976,1018.380005
2017-12-07,40.374363,1159.790039,1030.930054
2017-12-08,40.38628,1162.0,1037.050049
2017-12-11,41.173176,1168.920044,1041.099976
2017-12-12,40.941864,1165.079956,1040.47998
2017-12-13,41.077801,1164.130005,1040.609985
2017-12-14,41.065868,1174.26001,1049.150024
2017-12-15,41.483154,1179.140015,1064.189941
2017-12-18,42.067352,1190.579956,1077.140015
2017-12-19,41.619061,1187.380005,1070.680054
2017-12-20,41.573765,1177.619995,1064.949951
2017-12-21,41.731148,1174.76001,1063.630005
2017-12-22,41.731148,1168.359985,1060.119995
2017-12-26,40.672424,1176.76001,1056.73999
2017-12-27,40.679573,1182.26001,1049.369995
2017-12-28,40.794037,1186.099976,1048.140015
2017-12-29,40.352901,1169.469971,1046.400024
2018-01-02,41.075397,1189.01001,1065.0
2018-01-03,41.068256,1204.199951,1082.47998
2018-01-04,41.259018,1209.589966,1086.400024
2018-01-05,41.728756,1229.140015,1102.22998
2018-01-08,41.573765,1246.869995,1106.939941
2018-01-09,41.569,1252.699951,1106.26001
2018-01-10,41.55946,1254.329956,1102.609985
2018-01-11,41.795525,1276.680054,1105.52002
2018-01-12,42.227123,1305.199951,1122.26001
2018-01-16,42.012516,1304.859985,1121.76001
2018-01-17,42.706402,1295.0,1131.97998
2018-01-18,42.744556,1293.319946,1129.790039
2018-01-19,42.553783,1294.579956,1137.51001
2018-01-22,42.205658,1327.310059,1155.810059
2018-01-23,42.215191,1362.540039,1169.969971
2018-01-24,41.542759,1357.51001,1164.23999
2018-01-25,40.801186,1377.949951,1170.369995
2018-01-26,40.896568,1402.050049,1175.839966
2018-01-29,40.050068,1417.680054,1175.579956
2018-01-30,39.814007,1437.819946,1163.689941
2018-01-31,39.923687,1450.890015,1169.939941
2018-02-01,40.007149,1390.0,1167.699951
2018-02-02,38.271236,1429.949951,1111.900024
2018-02-05,37.315052,1390.0,1055.800049
2018-02-06,38.874519,1442.839966,1080.599976
2018-02-07,38.042324,1416.780029,1048.579956
2018-02-08,36.995522,1350.5,1001.52002
2018-02-09,37.448029,1339.599976,1037.780029
2018-02-12,38.956398,1386.22998,1051.939941
2018-02-13,39.346649,1414.51001,1052.099976
2018-02-14,40.072098,1451.050049,1069.699951
2018-02-15,41.41766,1461.76001,1089.52002
2018-02-16,41.283573,1448.689941,1094.800049
2018-02-20,41.144722,1468.349976,1102.459961
2018-02-21,40.957966,1482.920044,1111.339966
2018-02-22,41.300335,1485.339966,1106.630005
2018-02-23,42.0186,1500.0,1126.790039
2018-02-26,42.849396,1521.949951,1143.75
2018-02-27,42.710526,1511.97998,1118.290039
2018-02-28,42.645885,1512.449951,1104.72998
2018-03-01,41.898888,1493.449951,1069.52002
2018-03-02,42.188595,1500.25,1078.920044
2018-03-05,42.334644,1523.609985,1090.930054
2018-03-06,42.298729,1537.640015,1095.060059
2018-03-07,41.906075,1545.0,1109.640015
2018-03-08,42.363369,1551.859985,1126.0
2018-03-09,43.091213,1578.890015,1160.040039
2018-03-12,43.507816,1598.390015,1164.5
2018-03-13,43.088818,1588.180054,1138.170044
2018-03-14,42.7225,1591.0,1149.48999
2018-03-15,42.772781,1582.319946,1149.579956
2018-03-16,42.621944,1571.680054,1135.72998
2018-03-19,41.970722,1544.930054,1099.819946
2018-03-20,41.95636,1586.51001,1097.709961
2018-03-21,41.005844,1581.859985,1090.880005
2018-03-22,40.426441,1544.920044,1049.079956
2018-03-23,39.490303,1495.560059,1021.570007
2018-03-26,41.364979,1555.859985,1053.209961
2018-03-27,40.30434,1497.050049,1005.099976
2018-03-28,39.859013,1431.420044,1004.559998
2018-03-29,40.170261,1447.339966,1031.790039
2018-04-02,39.906902,1371.98999,1006.469971
2018-04-03,40.316307,1392.050049,1013.409973
2018-04-04,41.087246,1410.569946,1025.140015
2018-04-05,41.372158,1451.75,1027.810059
2018-04-06,40.313915,1405.22998,1007.039978
2018-04-09,40.713753,1406.079956,1015.450012
2018-04-10,41.479897,1436.219971,1031.640015
2018-04-11,41.285973,1427.050049,1019.969971
2018-04-12,41.692993,1448.5,1032.51001
2018-04-13,41.834244,1430.790039,1029.27002
2018-04-16,42.095222,1441.5,1037.97998
2018-04-17,42.674614,1503.829956,1074.160034
2018-04-18,42.578846,1527.839966,1072.079956
2018-04-19,41.372158,1556.910034,1087.699951
2018-04-20,39.677055,1527.48999,1072.959961
2018-04-23,39.56213,1517.859985,1067.449951
2018-04-24,39.011459,1460.089966,1019.97998
2018-04-25,39.18145,1460.170044,1021.179993
2018-04-26,39.317913,1517.959961,1040.040039
2018-04-27,38.863022,1572.619995,1030.050049
2018-04-30,39.566921,1566.130005,1017.330017
2018-05-01,40.486301,1582.26001,1037.310059
2018-05-02,42.274788,1569.680054,1024.380005
2018-05-03,42.351402,1572.079956,1023.719971
2018-05-04,44.012993,1580.949951,1048.209961
2018-05-07,44.331429,1600.140015,1054.790039
2018-05-08,44.544514,1592.390015,1053.910034
2018-05-09,44.858154,1608.0,1082.76001
2018-05-10,45.499798,1609.079956,1097.569946
2018-05-11,45.326763,1602.910034,1098.26001
2018-05-14,45.220985,1601.540039,1100.199951
2018-05-15,44.810005,1576.119995,1079.22998
2018-05-16,45.22821,1587.280029,1081.77002
2018-05-17,44.942204,1581.76001,1078.589966
2018-05-18,44.778759,1574.369995,1066.359985
2018-05-21,45.096027,1585.459961,1079.579956
2018-05-22,44.983047,1581.400024,1069.72998
2018-05-23,45.271465,1601.859985,1079.689941
2018-05-24,45.220985,1603.069946,1079.23999
2018-05-25,45.324348,1610.150024,1075.660034
2018-05-29,45.160915,1612.869995,1060.319946
2018-05-30,45.064777,1624.890015,1067.800049
2018-05-31,44.913353,1629.619995,1084.98999
2018-06-01,45.723328,1641.540039,1119.5
2018-06-04,46.105476,1665.27002,1139.290039
2018-06-05,46.461185,1696.349976,1139.660034
2018-06-06,46.622204,1695.75,1136.880005
2018-06-07,46.497234,1689.300049,1123.859985
2018-06-08,46.074226,1683.98999,1120.869995
2018-06-11,45.961269,1689.119995,1129.98999
2018-06-12,46.213631,1698.75,1139.319946
2018-06-13,45.833885,1704.859985,1134.790039
2018-06-14,45.857918,1723.859985,1152.119995
2018-06-15,45.386845,1715.969971,1152.26001
2018-06-18,45.362804,1723.790039,1173.459961
2018-06-19,44.629745,1734.780029,1168.060059
2018-06-20,44.824432,1750.079956,1169.839966
2018-06-21,44.574467,1730.219971,1157.660034
2018-06-22,44.444675,1715.670044,1155.47998
2018-06-25,43.783737,1663.150024,1124.810059
2018-06-26,44.326912,1691.089966,1118.459961
2018-06-27,44.262016,1660.51001,1103.97998
2018-06-28,44.58408,1701.449951,1114.219971
2018-06-29,44.490349,1699.800049,1115.650024
2018-07-02,44.987869,1713.780029,1127.459961
2018-07-03,44.204338,1693.959961,1102.890015
2018-07-05,44.560051,1699.72998,1124.27002
2018-07-06,45.177731,1710.630005,1140.170044
2018-07-09,45.805038,1739.02002,1154.050049
2018-07-10,45.749756,1743.069946,1152.839966
2018-07-11,45.156105,1755.0,1153.900024
2018-07-12,45.913193,1796.619995,1183.47998
2018-07-13,45.985294,1813.030029,1188.819946
2018-07-16,45.884354,1822.48999,1183.859985
2018-07-17,46.014145,1843.930054,1198.800049
2018-07-18,45.76178,1842.920044,1195.880005
2018-07-19,46.117489,1812.969971,1186.959961
2018-07-20,46.011734,1813.699951,1184.910034
2018-07-23,46.052601,1802.0,1205.5
2018-07-24,46.386681,1829.23999,1248.079956
2018-07-25,46.824108,1863.609985,1263.699951
2018-07-26,46.677498,1808.0,1268.329956
2018-07-27,45.901173,1817.27002,1238.5
2018-07-30,45.644001,1779.219971,1219.73999
2018-07-31,45.73534,1777.439941,1217.26001
2018-08-01,48.429611,1797.170044,1220.01001
2018-08-02,49.845249,1834.329956,1226.150024
2018-08-03,49.989456,1823.290039,1223.709961
2018-08-06,50.249031,1847.75,1224.77002
2018-08-07,49.777946,1862.47998,1242.219971
2018-08-08,49.811604,1886.52002,1245.609985
2018-08-09,50.203365,1898.52002,1249.099976
2018-08-10,50.053829,1886.300049,1237.609985
2018-08-13,50.377022,1896.199951,1235.01001
2018-08-14,50.589268,1919.650024,1242.099976
2018-08-15,50.707443,1882.619995,1214.380005
2018-08-16,51.45031,1886.52002,1206.48999
2018-08-17,52.477768,1882.219971,1200.959961
2018-08-20,51.96645,1876.709961,1207.77002
2018-08-21,51.865147,1883.420044,1201.619995
2018-08-22,51.867565,1904.900024,1207.329956
2018-08-23,51.973694,1902.900024,1205.380005
2018-08-24,52.135277,1905.390015,1220.650024
2018-08-27,52.564598,1927.680054,1241.819946
2018-08-28,52.98909,1932.819946,1231.150024
2018-08-29,53.780186,1998.099976,1249.300049
2018-08-30,54.27462,2002.380005,1239.119995
2018-08-31,54.901718,2012.709961,1218.189941
2018-09-04,55.077782,2039.51001,1197.0
2018-09-05,54.718414,1994.819946,1186.47998
2018-09-06,53.809124,1958.310059,1171.439941
2018-09-07,53.374992,1952.069946,1164.829956
2018-09-10,52.658665,1939.01001,1164.640015
2018-09-11,53.990025,1987.150024,1177.359985
2018-09-12,53.319519,1990.0,1162.819946
2018-09-13,54.607464,1989.869995,1175.329956
2018-09-14,53.98761,1970.189941,1172.530029
2018-09-17,52.550133,1908.030029,1156.050049
2018-09-18,52.636955,1941.050049,1161.219971
2018-09-19,52.668308,1926.420044,1171.089966
2018-09-20,53.068676,1944.300049,1186.869995
2018-09-21,52.497066,1915.01001,1166.089966
2018-09-24,53.251987,1934.359985,1173.369995
2018-09-25,53.589649,1974.550049,1184.650024
2018-09-26,53.162743,1974.849976,1180.48999
2018-09-27,54.255337,2012.97998,1194.640015
2018-09-28,54.445873,2003.0,1193.469971
2018-10-01,54.812473,2004.359985,1195.310059
2018-10-02,55.299671,1971.310059,1200.109985
2018-10-03,55.972588,1952.76001,1202.949951
2018-10-04,54.988541,1909.420044,1168.189941
2018-10-05,54.096146,1889.650024,1157.349976
2018-10-08,53.970722,1864.420044,1148.969971
2018-10-09,54.718414,1870.319946,1138.819946
2018-10-10,52.183514,1755.25,1081.219971
2018-10-11,51.722851,1719.359985,1079.319946
2018-10-12,53.570358,1788.609985,1110.079956
2018-10-15,52.424709,1760.949951,1092.25
2018-10-16,53.579998,1819.959961,1121.280029
2018-10-17,53.348461,1831.72998,1115.689941
2018-10-18,52.101513,1770.719971,1087.969971
2018-10-19,52.89502,1764.030029,1096.459961
2018-10-22,53.218216,1789.300049,1101.160034
2018-10-23,53.719894,1768.699951,1103.689941
2018-10-24,51.877205,1664.199951,1050.709961
2018-10-25,53.013203,1782.170044,1095.569946
2018-10-26,52.169048,1642.810059,1071.469971
2018-10-29,51.189827,1538.880005,1020.080017
2018-10-30,51.445488,1530.420044,1036.209961
2018-10-31,52.786488,1598.01001,1076.77002
2018-11-01,53.596882,1665.530029,1070.0
2018-11-02,50.041771,1665.530029,1057.790039
2018-11-05,48.621162,1627.800049,1040.089966
2018-11-06,49.146954,1642.810059,1055.810059
2018-11-07,50.637493,1755.48999,1093.390015
2018-11-08,50.460823,1754.910034,1082.400024
2018-11-09,49.487858,1712.430054,1066.150024
2018-11-12,46.994953,1636.849976,1038.630005
2018-11-13,46.525414,1631.170044,1036.050049
2018-11-14,45.211197,1599.01001,1043.660034
2018-11-15,46.32695,1619.439941,1064.709961
2018-11-16,46.840054,1593.410034,1061.48999
2018-11-19,44.983681,1512.290039,1020.0
2018-11-20,42.834457,1495.459961,1025.76001
2018-11-21,42.786057,1516.72998,1037.609985
2018-11-23,41.699341,1502.060059,1023.880005
2018-11-26,42.263264,1581.329956,1048.619995
2018-11-27,42.171295,1581.420044,1044.410034
2018-11-28,43.792896,1677.75,1086.22998
2018-11-29,43.456474,1673.569946,1088.300049
2018-11-30,43.221703,1690.170044,1094.430054
2018-12-03,44.731979,1772.359985,1106.430054
2018-12-04,42.764267,1668.400024,1050.819946
2018-12-06,42.287479,1699.189941,1068.72998
2018-12-07,40.779617,1629.130005,1036.579956
2018-12-10,41.048283,1641.030029,1039.550049
2018-12-11,40.813507,1643.23999,1051.75
2018-12-12,40.927265,1663.540039,1063.680054
2018-12-13,41.375015,1658.380005,1061.900024
2018-12-14,40.051109,1591.910034,1042.099976
2018-12-17,39.678383,1520.910034,1016.530029
2018-12-18,40.193916,1551.47998,1028.709961
2018-12-19,38.940197,1495.079956,1023.01001
2018-12-20,37.957558,1460.829956,1009.409973
2018-12-21,36.481167,1377.449951,979.539978
2018-12-24,35.537262,1343.959961,976.219971
2018-12-26,38.039837,1470.900024,1039.459961
2018-12-27,37.792969,1461.640015,1043.880005
2018-12-28,37.812336,1478.02002,1037.079956
2018-12-31,38.177807,1501.969971,1035.609985
2019-01-02,38.221367,1539.130005,1045.849976
2019-01-03,34.414242,1500.280029,1016.059998
2019-01-04,35.883358,1575.390015,1070.709961
2019-01-07,35.803486,1629.51001,1068.390015
2019-01-08,36.486012,1656.579956,1076.280029
2019-01-09,37.105606,1659.420044,1074.660034
2019-01-10,37.224209,1656.219971,1070.329956
2019-01-11,36.858746,1640.560059,1057.189941
2019-01-14,36.304489,1617.209961,1044.689941
2019-01-15,37.047523,1674.560059,1077.150024
2019-01-16,37.500122,1683.780029,1080.969971
2019-01-17,37.722786,1693.219971,1089.900024
2019-01-18,37.955135,1696.199951,1098.26001
2019-01-22,37.103184,1632.170044,1070.52002
2019-01-23,37.253246,1640.02002,1075.569946
2019-01-24,36.957973,1654.930054,1073.900024
2019-01-25,38.18264,1670.569946,1090.98999
2019-01-28,37.829281,1637.890015,1070.079956
2019-01-29,37.437187,1593.880005,1060.619995
2019-01-30,39.995445,1670.430054,1089.060059
2019-01-31,40.283459,1718.72998,1116.369995
2019-02-01,40.30283,1626.22998,1110.75
2019-02-04,41.447624,1633.310059,1132.800049
2019-02-05,42.156769,1658.810059,1145.98999
2019-02-06,42.171295,1640.26001,1115.22998
2019-02-07,41.372597,1614.369995,1098.709961
2019-02-08,41.421207,1588.219971,1095.060059
2019-02-11,41.182999,1591.0,1095.01001
2019-02-12,41.537876,1638.01001,1121.369995
2019-02-13,41.365303,1640.0,1120.160034
2019-02-14,41.51601,1622.650024,1121.670044
2019-02-15,41.423645,1607.949951,1113.650024
2019-02-19,41.547607,1627.579956,1118.560059
2019-02-20,41.81498,1622.099976,1113.800049
2019-02-21,41.579197,1619.439941,1096.969971
2019-02-22,42.043476,1631.560059,1110.369995
2019-02-25,42.349731,1633.0,1109.400024
2019-02-26,42.374039,1636.400024,1115.130005
2019-02-27,42.505291,1641.089966,1116.050049
2019-02-28,42.087212,1639.829956,1119.920044
2019-03-01,42.529598,1671.72998,1140.98999
2019-03-04,42.743507,1696.170044,1147.800049
2019-03-05,42.665722,1692.430054,1162.030029
2019-03-06,42.420219,1668.949951,1157.859985
2019-03-07,41.929218,1625.949951,1143.300049
2019-03-08,42.028873,1620.800049,1142.319946
2019-03-11,43.484848,1670.619995,1175.76001
2019-03-12,43.973419,1673.099976,1193.199951
2019-03-13,44.167877,1690.810059,1193.319946
2019-03-14,44.658871,1686.219971,1185.550049
2019-03-15,45.239803,1712.359985,1184.459961
2019-03-18,45.701641,1742.150024,1184.26001
2019-03-19,45.339466,1761.849976,1198.849976
2019-03-20,45.735672,1797.27002,1223.969971
2019-03-21,47.42012,1819.26001,1231.540039
2019-03-22,46.438129,1764.77002,1205.5
2019-03-25,45.876637,1774.26001,1193.0
2019-03-26,45.402664,1783.76001,1184.619995
2019-03-27,45.81102,1765.699951,1173.02002
2019-03-28,45.87178,1773.420044,1168.48999
2019-03-29,46.170757,1780.75,1173.310059
2019-04-01,46.48431,1814.189941,1194.430054
2019-04-02,47.160046,1813.97998,1200.48999
2019-04-03,47.483326,1820.699951,1205.920044
2019-04-04,47.565971,1818.859985,1215.0
2019-04-05,47.884384,1837.280029,1207.150024
2019-04-08,48.637905,1849.859985,1203.839966
2019-04-09,48.492054,1835.839966,1197.25
2019-04-10,48.764294,1847.329956,1202.160034
2019-04-11,48.358368,1844.069946,1204.619995
2019-04-12,48.338921,1843.060059,1217.869995
2019-04-15,48.426426,1844.869995,1221.099976
2019-04-16,48.431293,1863.040039,1227.130005
2019-04-17,49.374393,1864.819946,1236.339966
2019-04-18,49.551834,1861.689941,1236.369995
2019-04-22,49.714687,1887.310059,1248.839966
2019-04-23,50.431732,1923.77002,1264.550049
2019-04-24,50.353958,1901.75,1256.0
2019-04-25,49.896988,1902.25,1263.449951
2019-04-26,49.658779,1950.630005,1272.180054
2019-04-29,49.734127,1938.430054,1287.579956
2019-04-30,48.776447,1926.52002,1188.47998
2019-05-01,51.170662,1911.52002,1168.079956
2019-05-02,50.837654,1900.819946,1162.609985
2019-05-03,51.469639,1962.459961,1185.400024
2019-05-06,50.674801,1950.550049,1189.390015
2019-05-07,49.308758,1921.0,1174.099976
2019-05-08,49.318489,1917.77002,1166.27002
2019-05-09,48.788601,1899.869995,1162.380005
2019-05-10,48.112701,1889.97998,1164.27002
2019-05-13,45.316422,1822.680054,1132.030029
2019-05-14,46.033787,1840.119995,1120.439941
2019-05-15,46.585247,1871.150024,1164.209961
2019-05-16,46.380283,1907.569946,1178.97998
2019-05-17,46.116753,1869.0,1162.300049
2019-05-20,44.67469,1858.969971,1138.849976
2019-05-21,45.531155,1857.52002,1149.630005
2019-05-22,44.599056,1859.680054,1151.420044
2019-05-23,43.837761,1815.47998,1140.77002
2019-05-24,43.669399,1823.280029,1133.469971
2019-05-28,43.488834,1836.430054,1134.150024
2019-05-29,43.281433,1819.189941,1116.459961
2019-05-30,43.505917,1816.319946,1117.949951
2019-05-31,42.717785,1775.069946,1103.630005
2019-06-03,42.2859,1692.689941,1036.22998
2019-06-04,43.832878,1729.560059,1053.050049
2019-06-05,44.540482,1738.5,1042.219971
2019-06-06,45.19442,1754.359985,1044.339966
2019-06-07,46.397358,1804.030029,1066.040039
2019-06-10,46.990288,1860.630005,1080.380005
2019-06-11,47.53442,1863.699951,1078.719971
2019-06-12,47.383141,1855.319946,1077.030029
2019-06-13,47.373371,1870.300049,1088.77002
2019-06-14,47.029331,1869.670044,1085.349976
2019-06-17,47.309937,1886.030029,1092.5
2019-06-18,48.422596,1901.369995,1103.599976
2019-06-19,48.281071,1908.790039,1102.329956
2019-06-20,48.669037,1918.189941,1111.420044
2019-06-21,48.503113,1911.300049,1121.880005
2019-06-24,48.454308,1913.900024,1115.52002
2019-06-25,47.719872,1878.27002,1086.349976
2019-06-26,48.751999,1897.829956,1079.800049
2019-06-27,48.737366,1904.280029,1076.01001
2019-06-28,48.293274,1893.630005,1080.910034
2019-07-01,49.179005,1922.189941,1097.949951
2019-07-02,49.46693,1934.310059,1111.25
2019-07-03,49.876862,1939.0,1121.579956
2019-07-05,49.832939,1942.910034,1131.589966
2019-07-08,48.805676,1952.319946,1116.349976
2019-07-09,49.103371,1988.300049,1124.829956
2019-07-10,49.588928,2017.410034,1140.47998
2019-07-11,49.227806,2001.069946,1144.209961
2019-07-12,49.606018,2011.0,1144.900024
2019-07-15,50.072067,2020.98999,1150.339966
2019-07-16,49.898819,2009.900024,1153.579956
2019-07-17,49.618214,1992.030029,1146.349976
2019-07-18,50.181858,1977.900024,1146.329956
2019-07-19,49.432766,1964.52002,1130.099976
2019-07-22,50.562511,1985.630005,1138.069946
2019-07-23,50.957794,1994.48999,1146.209961
2019-07-24,50.916309,2000.810059,1137.810059
2019-07-25,50.51371,1973.819946,1132.119995
2019-07-26,50.689392,1943.050049,1250.410034
2019-07-29,51.16275,1912.449951,1239.410034
2019-07-30,50.943157,1898.530029,1225.140015
2019-07-31,51.982613,1866.780029,1216.680054
2019-08-01,50.857754,1855.319946,1209.01001
2019-08-02,49.781696,1823.23999,1193.98999
2019-08-05,47.175728,1765.130005,1152.319946
2019-08-06,48.068798,1787.829956,1169.949951
2019-08-07,48.566559,1793.400024,1173.98999
2019-08-08,49.63773,1832.890015,1204.800049
2019-08-09,49.228699,1807.579956,1188.01001
2019-08-12,49.103779,1784.920044,1174.709961
2019-08-13,51.183247,1824.339966,1197.27002
2019-08-14,49.659775,1762.959961,1164.290039
2019-08-15,49.412392,1776.119995,1167.26001
2019-08-16,50.57827,1792.569946,1177.599976
2019-08-19,51.521255,1816.119995,1198.449951
2019-08-20,51.523705,1801.380005,1182.689941
2019-08-21,52.082138,1823.540039,1191.25
2019-08-22,52.038059,1804.660034,1189.530029
2019-08-23,49.632832,1749.619995,1151.290039
2019-08-26,50.575825,1768.869995,1168.890015
2019-08-27,50.005131,1761.829956,1167.839966
2019-08-28,50.340683,1764.25,1171.02002
2019-08-29,51.193047,1786.400024,1192.849976
2019-08-30,51.126919,1776.290039,1188.099976
2019-09-03,50.382324,1789.839966,1168.390015
2019-09-04,51.237137,1800.619995,1181.410034
2019-09-05,52.238899,1840.719971,1211.380005
2019-09-06,52.234005,1833.51001,1204.930054
2019-09-09,52.45689,1831.349976,1204.410034
2019-09-10,53.076565,1820.550049,1206.0
2019-09-11,54.764137,1822.98999,1220.170044
2019-09-12,54.64167,1843.550049,1234.25
2019-09-13,53.578667,1839.339966,1239.560059
2019-09-16,53.860336,1807.839966,1231.300049
2019-09-17,54.05629,1822.550049,1229.150024
2019-09-18,54.563293,1817.459961,1232.410034
2019-09-19,54.119976,1821.5,1238.709961
2019-09-20,53.328838,1794.160034,1229.930054
2019-09-23,53.571327,1785.300049,1234.030029
2019-09-24,53.316601,1741.609985,1218.76001
2019-09-25,54.137127,1768.329956,1246.52002
2019-09-26,53.857891,1739.839966,1241.390015
2019-09-27,53.595825,1725.449951,1225.089966
2019-09-30,54.857216,1735.910034,1219.0
2019-10-01,55.009075,1735.650024,1205.099976
2019-10-02,53.630116,1713.22998,1176.630005
2019-10-03,54.085682,1724.420044,1187.829956
2019-10-04,55.601807,1739.650024,1209.0
2019-10-07,55.614052,1732.660034,1207.680054
2019-10-08,54.962532,1705.51001,1189.130005
2019-10-09,55.606709,1721.98999,1202.310059
2019-10-10,56.35619,1720.26001,1208.670044
2019-10-11,57.855171,1731.920044,1215.449951
2019-10-14,57.7719,1736.430054,1217.140015
2019-10-15,57.637192,1767.380005,1243.01001
2019-10-16,57.404499,1777.430054,1243.640015
2019-10-17,57.627388,1787.47998,1253.069946
2019-10-18,57.90416,1757.51001,1245.48999
2019-10-21,58.908375,1785.660034,1246.150024
2019-10-22,58.773666,1765.72998,1242.800049
2019-10-23,59.562344,1762.170044,1259.130005
2019-10-24,59.660313,1780.780029,1260.98999
2019-10-25,60.395103,1761.329956,1265.130005
2019-10-28,61.000088,1777.079956,1290.0
2019-10-29,59.589291,1762.709961,1262.619995
2019-10-30,59.581932,1779.98999,1261.290039
2019-10-31,60.929062,1776.660034,1260.109985
2019-11-01,62.658272,1791.439941,1273.73999
2019-11-04,63.069756,1804.660034,1291.369995
2019-11-05,62.97913,1801.709961,1292.030029
2019-11-06,63.006081,1795.77002,1291.800049
2019-11-07,63.733246,1788.199951,1308.859985
2019-11-08,63.907673,1785.880005,1311.369995
2019-11-11,64.41375,1771.650024,1299.189941
2019-11-12,64.354774,1778.0,1298.800049
2019-11-13,64.971405,1753.109985,1298.0
2019-11-14,64.521835,1754.599976,1311.459961
2019-11-15,65.288315,1739.48999,1334.869995
2019-11-18,65.6175,1752.530029,1320.699951
2019-11-19,65.41851,1752.790039,1315.459961
2019-11-20,64.656944,1745.530029,1303.050049
2019-11-21,64.367065,1734.709961,1301.349976
2019-11-22,64.310547,1745.719971,1295.339966
2019-11-25,65.438171,1773.839966,1306.689941
2019-11-26,64.927185,1796.939941,1313.550049
2019-11-27,65.799286,1818.51001,1312.98999
2019-11-29,65.654358,1800.800049,1304.959961
2019-12-02,64.895248,1781.599976,1289.920044
2019-12-03,63.738152,1769.959961,1295.280029
2019-12-04,64.30072,1760.689941,1320.540039
2019-12-05,65.244095,1740.47998,1328.130005
2019-12-06,66.504372,1751.599976,1340.619995
2019-12-09,65.573288,1749.51001,1343.560059
2019-12-10,65.956528,1739.209961,1344.660034
2019-12-11,66.519096,1748.719971,1345.02002
2019-12-12,66.688599,1760.329956,1350.27002
2019-12-13,67.595123,1760.939941,1347.829956
2019-12-16,68.75222,1769.209961,1361.170044
2019-12-17,68.887337,1790.660034,1355.119995
2019-12-18,68.722717,1784.030029,1352.619995
2019-12-19,68.791519,1792.280029,1356.040039
2019-12-20,68.649025,1786.5,1349.589966
2019-12-23,69.769264,1793.0,1348.839966
2019-12-24,69.835587,1789.209961,1343.560059
2019-12-26,71.221153,1868.77002,1360.400024
2019-12-27,71.19413,1869.800049,1351.890015
2019-12-30,71.616669,1846.890015,1336.140015
2019-12-31,72.139946,1847.839966,1337.02002
2020-01-02,73.785912,1898.01001,1367.369995
2020-01-03,73.068558,1874.969971,1360.660034
2020-01-06,73.650787,1902.880005,1394.209961
2020-01-07,73.304413,1906.859985,1393.339966
2020-01-08,74.483612,1891.969971,1404.319946
2020-01-09,76.065689,1901.050049,1419.829956
2020-01-10,76.237663,1883.160034,1429.72998
2020-01-13,77.866432,1891.300049,1439.22998
2020-01-14,76.814987,1869.439941,1430.880005
2020-01-15,76.485786,1862.02002,1439.199951
2020-01-16,77.443878,1877.939941,1451.699951
2020-01-17,78.30127,1864.719971,1480.390015
2020-01-21,77.770622,1892.0,1484.400024
2020-01-22,78.048225,1887.459961,1485.949951
2020-01-23,78.424103,1884.579956,1486.650024
2020-01-24,78.19809,1861.640015,1466.709961
2020-01-27,75.898643,1828.339966,1433.900024
2020-01-28,78.045776,1853.25,1452.560059
2020-01-29,79.679443,1858.0,1458.630005
2020-01-30,79.563988,1870.680054,1455.839966
2020-01-31,76.036232,2008.719971,1434.22998
2020-02-03,75.8274,2004.199951,1485.939941
2020-02-04,78.330727,2049.669922,1447.069946
2020-02-05,78.969475,2039.869995,1448.22998
2020-02-06,79.893173,2050.22998,1476.22998
2020-02-07,78.80722,2079.280029,1479.22998
2020-02-10,79.181511,2133.909912,1508.680054
2020-02-11,78.703796,2150.800049,1508.790039
2020-02-12,80.572823,2160.0,1518.27002
2020-02-13,79.999069,2149.870117,1514.660034
2020-02-14,80.018768,2134.870117,1520.73999
2020-02-18,78.553581,2155.669922,1519.670044
2020-02-19,79.691261,2170.219971,1526.689941
2020-02-20,78.873703,2153.100098,1518.150024
2020-02-21,77.088402,2095.969971,1485.109985
2020-02-24,73.426682,2009.290039,1421.589966
2020-02-25,70.939552,1972.73999,1388.449951
2020-02-26,72.064911,1979.589966,1393.180054
2020-02-27,67.354164,1884.300049,1318.089966
2020-02-28,67.314743,1883.75,1339.329956
2020-03-02,73.58181,1953.949951,1389.109985
2020-03-03,71.244904,1908.98999,1341.390015
2020-03-04,74.549568,1975.829956,1386.52002
2020-03-05,72.131409,1924.030029,1319.040039
2020-03-06,71.173485,1901.089966,1298.410034
2020-03-09,65.544235,1800.609985,1215.560059
2020-03-10,70.264824,1891.819946,1280.390015
2020-03-11,67.824486,1820.859985,1215.410034
2020-03-12,61.126514,1676.609985,1114.910034
2020-03-13,68.449959,1785.0,1219.72998
2020-03-16,59.644089,1689.150024,1084.329956
2020-03-17,62.26664,1807.839966,1119.800049
2020-03-18,60.742355,1830.0,1096.800049
2020-03-19,60.276947,1880.930054,1115.290039
2020-03-20,56.45023,1846.089966,1072.319946
2020-03-23,55.250996,1902.829956,1056.619995
2020-03-24,60.794067,1940.099976,1134.459961
2020-03-25,60.459175,1885.839966,1102.48999
2020-03-26,63.640713,1955.48999,1161.75
2020-03-27,61.005848,1900.099976,1110.709961
2020-03-30,62.746834,1963.949951,1146.819946
2020-03-31,62.618778,1949.719971,1162.810059
2020-04-01,59.323956,1907.699951,1105.619995
2020-04-02,60.313885,1918.829956,1120.839966
2020-04-03,59.447083,1906.589966,1097.880005
2020-04-06,64.633102,1997.589966,1186.920044
2020-04-07,63.884499,2011.599976,1186.51001
2020-04-08,65.5196,2043.0,1210.280029
2020-04-09,65.992393,2042.76001,1211.449951
2020-04-13,67.287674,2168.870117,1217.560059
2020-04-14,70.685898,2283.320068,1269.22998
2020-04-15,70.040741,2307.679932,1262.469971
2020-04-16,70.597252,2408.189941,1263.469971
2020-04-17,69.639343,2375.0,1283.25
2020-04-20,68.193863,2393.610107,1266.609985
2020-04-21,66.085968,2328.120117,1216.339966
2020-04-22,67.989479,2363.48999,1263.209961
2020-04-23,67.72599,2399.449951,1276.310059
2020-04-24,69.681213,2410.219971,1279.310059
2020-04-27,69.730469,2376.0,1275.880005
2020-04-28,68.600189,2314.080078,1233.670044
2020-04-29,70.853363,2372.709961,1341.47998
2020-04-30,72.348083,2474.0,1348.660034
2020-05-01,71.183342,2286.040039,1320.609985
2020-05-04,72.190506,2315.98999,1326.800049
2020-05-05,73.273994,2317.800049,1351.109985
2020-05-06,74.029984,2351.26001,1347.300049
2020-05-07,74.795815,2367.610107,1372.560059
2020-05-08,76.576073,2379.610107,1388.369995
2020-05-11,77.781029,2409.0,1403.26001
2020-05-12,76.892128,2356.949951,1375.73999
2020-05-13,75.963737,2367.919922,1349.329956
2020-05-14,76.430405,2388.850098,1356.130005
2020-05-15,75.978546,2409.780029,1373.189941
2020-05-18,77.768677,2426.26001,1383.939941
2020-05-19,77.319298,2449.330078,1373.484985
2020-05-20,78.823021,2497.939941,1406.719971
2020-05-21,78.235359,2446.73999,1402.800049
2020-05-22,78.739075,2436.879883,1410.420044
2020-05-26,78.205727,2421.860107,1417.02002
2020-05-27,78.546478,2410.389893,1417.839966
2020-05-28,78.581032,2401.100098,1416.72998
2020-05-29,78.504501,2442.370117,1428.920044
2020-06-01,79.469925,2471.040039,1431.819946
2020-06-02,79.837837,2472.409912,1439.219971
2020-06-03,80.277344,2478.399902,1436.380005
2020-06-04,79.585983,2460.600098,1412.180054
2020-06-05,81.852676,2483.0,1438.390015
2020-06-08,82.336632,2524.060059,1446.609985
2020-06-09,84.936653,2600.860107,1456.160034
2020-06-10,87.121857,2647.449951,1465.849976
2020-06-11,82.939117,2557.959961,1403.839966
2020-06-12,83.655174,2545.02002,1413.180054
2020-06-15,84.689735,2572.679932,1419.849976
2020-06-16,86.934204,2615.27002,1442.719971
2020-06-17,86.813225,2640.97998,1451.119995
2020-06-18,86.847794,2653.97998,1435.959961
2020-06-19,86.351486,2675.01001,1431.719971
2020-06-22,88.610771,2713.820068,1451.859985
2020-06-23,90.502144,2764.409912,1464.410034
2020-06-24,88.904602,2734.399902,1431.969971
2020-06-25,90.084862,2754.580078,1441.329956
2020-06-26,87.31694,2692.870117,1359.900024
2020-06-29,89.3293,2680.379883,1394.969971
2020-06-30,90.074974,2758.820068,1413.609985
2020-07-01,89.90461,2878.699951,1438.040039
2020-07-02,89.90461,2890.300049,1464.699951
2020-07-06,92.30957,3057.040039,1495.699951
2020-07-07,92.023148,3000.120117,1485.180054
2020-07-08,94.166367,3081.110107,1496.0
2020-07-09,94.571327,3182.629883,1510.98999
2020-07-10,94.736755,3200.0,1541.73999
2020-07-13,94.299713,3104.0,1511.339966
2020-07-14,95.860229,3084.0,1520.579956
2020-07-15,96.519493,3008.870117,1513.640015
2020-07-16,95.331825,2999.899902,1518.0
2020-07-17,95.139236,2961.969971,1515.550049
2020-07-20,97.144173,3196.840088,1565.719971
2020-07-21,95.803429,3138.290039,1558.420044
2020-07-22,96.072571,3099.909912,1568.48999
2020-07-23,91.699692,2986.550049,1515.680054
2020-07-24,91.472527,3008.909912,1511.869995
2020-07-27,93.64045,3055.209961,1530.199951
2020-07-28,92.102158,3000.330078,1500.339966
2020-07-29,93.867615,3033.530029,1522.02002
2020-07-30,95.003418,3051.879883,1531.449951
2020-07-31,104.949203,3164.679932,1482.959961
2020-08-03,107.593681,3111.889893,1474.449951
2020-08-04,108.312195,3138.830078,1464.969971
2020-08-05,108.704796,3205.030029,1473.609985
2020-08-06,112.497429,3225.0,1500.099976
2020-08-07,109.939713,3167.459961,1494.48999
2020-08-10,111.537666,3148.159912,1496.099976
2020-08-11,108.220551,3080.669922,1480.319946
2020-08-12,111.817177,3162.23999,1506.619995
2020-08-13,113.796066,3161.02002,1518.449951
2020-08-14,113.694649,3148.02002,1507.72998
2020-08-17,113.397827,3182.409912,1517.97998
2020-08-18,114.342751,3312.48999,1558.599976
2020-08-19,114.486206,3260.47998,1547.530029
2020-08-20,117.026604,3297.370117,1581.75
2020-08-21,123.057281,3284.719971,1580.420044
2020-08-24,124.529076,3307.459961,1588.199951
2020-08-25,123.507477,3346.48999,1608.219971
2020-08-26,125.187065,3441.850098,1652.380005
2020-08-27,123.690529,3400.0,1634.329956
2020-08-28,123.490166,3401.800049,1644.410034
2020-08-31,127.677971,3450.959961,1634.180054
2020-09-01,132.763718,3499.120117,1660.709961
2020-09-02,130.013077,3531.449951,1728.280029
2020-09-03,119.604118,3368.0,1641.839966
2020-09-04,119.683266,3294.620117,1591.040039
2020-09-08,111.629196,3149.840088,1532.390015
2020-09-09,116.081688,3268.610107,1556.959961
2020-09-10,112.292107,3175.110107,1532.02002
2020-09-11,110.817841,3116.219971,1520.719971
2020-09-14,114.142387,3102.969971,1519.280029
2020-09-15,114.32048,3156.129883,1541.439941
2020-09-16,110.946472,3078.100098,1520.900024
2020-09-17,109.175369,3008.72998,1495.530029
2020-09-18,105.712303,2954.909912,1459.98999
2020-09-21,108.918114,2960.469971,1431.160034
2020-09-22,110.629852,3128.98999,1465.459961
2020-09-23,105.989349,2999.860107,1415.209961
2020-09-24,107.077751,3019.790039,1428.290039
2020-09-25,111.094887,3095.129883,1444.959961
2020-09-28,113.746605,3174.050049,1464.52002
2020-09-29,112.88578,3144.879883,1469.329956
2020-09-30,114.587631,3148.72998,1469.599976
2020-10-01,115.557289,3221.26001,1490.089966
2020-10-02,111.827072,3125.0,1458.420044
2020-10-05,115.270348,3199.199951,1486.02002
2020-10-06,111.965607,3099.959961,1453.439941
2020-10-07,113.865334,3195.689941,1460.290039
2020-10-08,113.7565,3190.550049,1485.930054
2020-10-09,115.73539,3286.649902,1515.219971
2020-10-12,123.08696,3442.929932,1569.150024
2020-10-13,119.821793,3443.629883,1571.680054
2020-10-14,119.910843,3363.709961,1568.079956
2020-10-15,119.435905,3338.649902,1559.130005
2020-10-16,117.763741,3272.709961,1573.01001
2020-10-19,114.755836,3207.209961,1534.609985
2020-10-20,116.269691,3217.01001,1555.930054
2020-10-21,115.636429,3184.939941,1593.310059
2020-10-22,114.528259,3176.399902,1615.329956
2020-10-23,113.825752,3204.399902,1641.0
2020-10-26,113.835663,3207.040039,1590.449951
2020-10-27,115.369286,3286.330078,1604.26001
2020-10-28,110.026283,3162.780029,1516.619995
2020-10-29,114.102798,3211.01001,1567.23999
2020-10-30,107.710983,3036.149902,1621.01001
2020-11-02,107.621925,3004.47998,1626.030029
2020-11-03,109.274307,3048.409912,1650.209961
2020-11-04,113.73671,3241.159912,1749.130005
2020-11-05,117.773643,3322.0,1763.369995
2020-11-06,117.639847,3311.370117,1761.75
2020-11-09,115.290802,3143.73999,1763.0
2020-11-10,114.943901,3035.02002,1740.390015
2020-11-11,118.432762,3137.389893,1752.709961
2020-11-12,118.155251,3110.280029,1749.839966
2020-11-13,118.204796,3128.810059,1777.02002
2020-11-16,119.235603,3131.060059,1781.380005
2020-11-17,118.333641,3135.659912,1770.150024
2020-11-18,116.98568,3105.459961,1746.780029
2020-11-19,117.590286,3117.02002,1763.920044
2020-11-20,116.301781,3099.399902,1742.189941
2020-11-23,112.842659,3098.389893,1734.859985
2020-11-24,114.150986,3118.060059,1768.880005
2020-11-25,115.00338,3185.070068,1771.430054
2020-11-27,115.558418,3195.340088,1793.189941
2020-11-30,117.996651,3168.040039,1760.73999
2020-12-01,121.634178,3220.080078,1798.099976
2020-12-02,121.991005,3203.530029,1827.949951
2020-12-03,121.852242,3186.72998,1826.77002
2020-12-04,121.168335,3162.580078,1827.98999
2020-12-07,122.655067,3158.0,1819.47998
2020-12-08,123.279495,3177.290039,1818.550049
2020-12-09,120.702499,3104.199951,1784.130005
2020-12-10,122.149582,3101.48999,1775.329956
2020-12-11,121.326927,3116.419922,1781.77002
2020-12-14,120.702499,3156.969971,1760.060059
2020-12-15,126.748535,3165.120117,1767.77002
2020-12-16,126.679138,3240.959961,1763.0
2020-12-17,127.561279,3236.080078,1747.900024
2020-12-18,125.53933,3201.649902,1731.01001
2020-12-21,127.095421,3206.179932,1739.369995
2020-12-22,130.71315,3206.52002,1723.5
2020-12-23,129.801285,3185.27002,1732.380005
2020-12-24,130.802322,3172.689941,1738.849976
2020-12-28,135.480591,3283.959961,1776.089966
2020-12-29,133.676682,3322.0,1758.719971
2020-12-30,132.536865,3285.850098,1739.52002
2020-12-31,131.515961,3256.929932,1751.880005
2021-01-04,128.264999,3186.629883,1728.23999
2021-01-05,129.85083,3218.51001,1740.920044
2021-01-06,125.479851,3138.379883,1735.290039
2021-01-07,129.761612,3162.159912,1787.25
2021-01-08,130.881622,3182.699951,1807.209961
2021-01-11,127.838783,3114.209961,1766.719971
2021-01-12,127.660385,3120.830078,1746.550049
2021-01-13,129.731873,3165.889893,1754.400024
2021-01-14,127.769394,3127.469971,1740.180054
2021-01-15,126.015076,3104.25,1736.189941
2021-01-19,126.698959,3120.76001,1790.859985
2021-01-20,130.861786,3263.379883,1886.900024
2021-01-21,135.658966,3306.98999,1891.25
2021-01-22,137.839508,3292.22998,1901.050049
2021-01-25,141.655457,3294.0,1899.400024
2021-01-26,141.893341,3326.129883,1917.23999
2021-01-27,140.803055,3232.580078,1830.790039
2021-01-28,135.877029,3237.620117,1863.109985
2021-01-29,130.792419,3206.199951,1835.73999
2021-02-01,132.95314,3342.879883,1901.349976
2021-02-02,133.795609,3380.0,1927.51001
2021-02-03,132.754898,3312.530029,2070.070068
2021-02-04,136.174377,3331.0,2062.370117
2021-02-05,135.752502,3352.149902,2098.0
2021-02-08,135.901413,3322.939941,2092.909912
2021-02-09,135.008026,3305.0,2083.51001
2021-02-10,134.392609,3286.580078,2095.379883
2021-02-11,134.134521,3262.129883,2095.889893
2021-02-12,134.372742,3277.709961,2104.110107
2021-02-16,132.208832,3268.949951,2121.899902
2021-02-17,129.876099,3308.639893,2128.310059
2021-02-18,128.754456,3328.22998,2117.199951
2021-02-19,128.913269,3249.899902,2101.139893
2021-02-22,125.071785,3180.73999,2064.879883
2021-02-23,124.932816,3194.5,2070.860107
2021-02-24,124.426567,3159.530029,2095.169922
2021-02-25,120.098686,3057.159912,2031.359985
2021-02-26,120.366707,3092.929932,2036.859985
2021-03-01,126.848602,3146.139893,2081.51001
2021-03-02,124.198265,3094.530029,2075.840088
2021-03-03,121.160805,3005.0,2026.709961
2021-03-04,119.245026,2977.570068,2049.090088
2021-03-05,120.525513,3000.459961,2108.540039
2021-03-08,115.502792,2951.949951,2024.170044
2021-03-09,120.197945,3062.850098,2052.699951
2021-03-10,119.096138,3057.639893,2055.030029
2021-03-11,121.061539,3113.590088,2114.77002
2021-03-12,120.138397,3089.48999,2061.919922
2021-03-15,123.076584,3081.679932,2066.48999
2021-03-16,124.644951,3091.860107,2092.52002
2021-03-17,123.840912,3135.72998,2091.080078
2021-03-18,119.642075,3027.98999,2036.219971
2021-03-19,119.106056,3074.959961,2043.199951
2021-03-22,122.48101,3110.870117,2038.589966
2021-03-23,121.637268,3137.5,2052.959961
2021-03-24,119.205315,3087.070068,2045.060059
2021-03-25,119.70163,3046.26001,2044.359985
2021-03-26,120.317062,3052.030029,2035.550049
2021-03-29,120.495743,3075.72998,2055.949951
2021-03-30,119.016724,3055.290039,2055.540039
2021-03-31,121.250145,3094.080078,2068.629883
2021-04-01,122.09388,3161.0,2137.75
2021-04-05,124.972527,3226.72998,2225.550049
2021-04-06,125.280235,3223.820068,2224.75
2021-04-07,126.957794,3279.389893,2249.679932
2021-04-08,129.399643,3299.300049,2265.439941
2021-04-09,132.020218,3372.199951,2285.879883
2021-04-12,130.273178,3379.389893,2254.790039
2021-04-13,133.439667,3400.0,2267.27002
2021-04-14,131.057358,3333.0,2254.840088
2021-04-15,133.509155,3379.090088,2296.659912
2021-04-16,133.171677,3399.439941,2297.76001
2021-04-19,133.846649,3372.01001,2302.399902
2021-04-20,132.129395,3334.689941,2293.629883
2021-04-21,132.516525,3362.02002,2293.290039
2021-04-22,130.968033,3309.040039,2267.919922
2021-04-23,133.330505,3340.879883,2315.300049
2021-04-26,133.727539,3409.0,2326.73999
2021-04-27,133.399963,3417.429932,2307.120117
2021-04-28,132.595917,3458.5,2379.909912
2021-04-29,132.496674,3471.310059,2429.889893
2021-04-30,130.491562,3467.419922,2410.120117
2021-05-03,131.563583,3386.48999,2395.169922
2021-05-04,126.908142,3311.870117,2354.25
2021-05-05,127.156311,3270.540039,2356.73999
2021-05-06,128.784225,3306.370117,2381.350098
2021-05-07,129.470306,3291.610107,2398.689941
2021-05-10,126.129387,3190.48999,2341.659912
2021-05-11,125.19474,3223.909912,2308.76001
2021-05-12,122.072571,3151.939941,2239.080078
2021-05-13,124.260078,3161.469971,2261.969971
2021-05-14,126.725983,3222.899902,2316.159912
2021-05-17,125.552681,3270.389893,2321.409912
2021-05-18,124.140762,3232.280029,2303.429932
2021-05-19,123.981667,3231.800049,2308.709961
2021-05-20,126.586777,3247.679932,2356.090088
2021-05-21,124.717461,3203.080078,2345.100098
2021-05-24,126.377968,3244.98999,2406.669922
2021-05-25,126.179115,3259.050049,2409.070068
2021-05-26,126.129387,3265.159912,2433.530029
2021-05-27,124.568314,3230.110107,2402.51001
2021-05-28,123.902115,3223.070068,2411.560059
2021-06-01,123.573982,3218.649902,2429.810059
2021-06-02,124.349564,3233.98999,2421.280029
2021-06-03,122.838203,3187.01001,2404.610107
2021-06-04,125.17485,3206.219971,2451.76001
2021-06-07,125.184799,3198.01001,2466.090088
2021-06-08,126.02002,3264.110107,2482.850098
2021-06-09,126.407799,3281.149902,2491.399902
2021-06-10,125.393608,3349.649902,2521.600098
2021-06-11,126.626541,3346.830078,2513.929932
2021-06-14,129.738754,3383.870117,2527.040039
2021-06-15,128.903549,3383.129883,2520.659912
2021-06-16,129.410645,3415.25,2513.929932
2021-06-17,131.041321,3489.23999,2527.419922
2021-06-18,129.718887,3486.899902,2511.350098
2021-06-21,131.548431,3453.959961,2529.100098
2021-06-22,133.218872,3505.439941,2539.98999
2021-06-23,132.940475,3503.820068,2529.22998
2021-06-24,132.65213,3449.080078,2545.639893
2021-06-25,132.353836,3401.459961,2539.899902
2021-06-28,134.014343,3443.889893,2536.389893
2021-06-29,135.555527,3448.139893,2520.370117
2021-06-30,136.181961,3440.159912,2506.320068
2021-07-01,136.490204,3432.969971,2527.370117
2021-07-02,139.164932,3510.97998,2574.379883
2021-07-06,141.213242,3675.73999,2595.419922
2021-07-07,143.748734,3696.580078,2601.550049
2021-07-08,142.426285,3731.409912,2583.540039
2021-07-09,144.28566,3719.340088,2591.48999
2021-07-12,143.679123,3718.550049,2611.280029
2021-07-13,144.812653,3677.360107,2619.889893
2021-07-14,148.302704,3681.679932,2641.649902
2021-07-15,147.63652,3631.199951,2625.330078
2021-07-16,145.55838,3573.629883,2636.909912
2021-07-19,141.640778,3549.590088,2585.080078
2021-07-20,145.319748,3573.189941,2622.030029
2021-07-21,144.57402,3585.199951,2652.01001
2021-07-22,145.966064,3638.030029,2666.570068
2021-07-23,147.716064,3656.639893,2756.320068
2021-07-26,148.143631,3699.820068,2792.889893
2021-07-27,145.936234,3626.389893,2735.929932
2021-07-28,144.156403,3630.320068,2727.629883
2021-07-29,144.812653,3599.919922,2730.810059
2021-07-30,145.031403,3327.590088,2704.419922
2021-08-02,144.693344,3331.47998,2719.790039
2021-08-03,146.522873,3366.23999,2725.600098
2021-08-04,146.115219,3354.719971,2720.570068
2021-08-05,146.224579,3375.98999,2738.800049
2021-08-06,145.527512,3344.939941,2740.719971
2021-08-09,145.477722,3341.870117,2760.040039
2021-08-10,144.989792,3320.679932,2761.929932
2021-08-11,145.248703,3292.110107,2753.790039
2021-08-12,148.266006,3303.5,2767.790039
2021-08-13,148.475113,3293.969971,2768.120117
2021-08-16,150.486649,3298.98999,2778.320068
2021-08-17,149.560562,3241.959961,2746.01001
2021-08-18,145.746597,3201.219971,2731.399902
2021-08-19,146.08519,3187.75,2738.27002
2021-08-20,147.568939,3199.949951,2768.73999
2021-08-23,149.082581,3265.870117,2821.98999
2021-08-24,148.992935,3305.780029,2847.969971
2021-08-25,147.738205,3299.179932,2859.0
2021-08-26,146.921661,3316.0,2842.459961
2021-08-27,147.977219,3349.629883,2891.01001
2021-08-30,152.478256,3421.570068,2909.389893
2021-08-31,151.19368,3470.790039,2909.23999
2021-09-01,151.870819,3479.0,2916.840088
2021-09-02,153.006042,3463.120117,2884.379883
2021-09-03,153.653336,3478.050049,2895.5
2021-09-07,156.033325,3509.290039,2910.379883
2021-09-08,154.45993,3525.5,2897.669922
2021-09-09,153.424301,3484.159912,2898.27002
2021-09-10,148.345657,3469.149902,2838.419922
2021-09-13,148.923233,3457.169922,2869.300049
2021-09-14,147.499207,3450.0,2868.120117
2021-09-15,148.405411,3475.790039,2904.120117
2021-09-16,148.166397,3488.23999,2887.469971
2021-09-17,145.447861,3462.52002,2829.27002
2021-09-20,142.340927,3355.72998,2780.340088
2021-09-21,142.828873,3343.629883,2792.929932
2021-09-22,145.238739,3380.050049,2818.77002
2021-09-23,146.21463,3416.0,2836.530029
2021-09-24,146.304245,3425.52002,2852.659912
2021-09-27,144.760757,3405.800049,2830.02002
2021-09-28,141.315262,3315.959961,2723.679932
2021-09-29,142.2314,3301.120117,2690.419922
2021-09-30,140.906967,3285.040039,2665.310059
2021-10-01,142.052139,3283.26001,2729.25
2021-10-04,138.556854,3189.780029,2675.300049
2021-10-05,140.518616,3221.0,2723.540039
2021-10-06,141.404877,3262.01001,2747.080078
2021-10-07,142.689453,3302.429932,2783.709961
2021-10-08,142.301086,3288.620117,2801.120117
2021-10-11,142.211472,3246.300049,2776.949951
2021-10-12,140.916916,3247.330078,2734.26001
2021-10-13,140.319443,3284.280029,2758.0
2021-10-14,143.157486,3299.860107,2828.23999
2021-10-15,144.232971,3409.02002,2833.5
2021-10-18,145.935806,3446.73999,2859.209961
2021-10-19,148.136536,3444.149902,2876.439941
2021-10-20,148.634445,3415.060059,2848.300049
2021-10-21,148.853531,3435.01001,2855.610107
2021-10-22,148.066849,3335.550049,2772.5
2021-10-25,148.017044,3320.370117,2775.459961
2021-10-26,148.694199,3376.070068,2793.439941
2021-10-27,148.226166,3392.48999,2928.550049
2021-10-28,151.930588,3446.570068,2922.580078
2021-10-29,149.17218,3372.429932,2965.409912
2021-11-01,148.335709,3318.110107,2875.47998
2021-11-02,149.391266,3312.75,2917.26001
2021-11-03,150.855103,3384.0,2935.800049
2021-11-04,150.327316,3477.0,2973.659912
2021-11-05,150.865845,3518.98999,2984.820068
2021-11-08,150.028152,3488.97998,2987.030029
2021-11-09,150.397125,3576.22998,2984.969971
2021-11-10,147.515045,3482.050049,2932.52002
2021-11-11,147.465179,3472.5,2934.959961
2021-11-12,149.579376,3525.149902,2992.909912
2021-11-15,149.58934,3545.679932,2987.76001
2021-11-16,150.586609,3540.699951,2981.52002
2021-11-17,153.069794,3549.0,2981.23999
2021-11-18,157.43779,3696.060059,3014.179932
2021-11-19,160.110474,3676.570068,2999.050049
2021-11-22,160.579178,3572.570068,2941.570068
2021-11-23,160.968109,3580.040039,2935.139893
2021-11-24,161.496674,3580.409912,2934.350098
2021-11-26,156.380707,3504.560059,2856.120117
2021-11-29,159.801315,3561.570068,2922.280029
2021-11-30,164.847473,3507.070068,2849.040039
2021-12-01,164.318924,3443.719971,2832.360107
2021-12-02,163.311676,3437.360107,2875.530029
2021-12-03,161.396927,3389.790039,2850.409912
2021-12-06,164.867416,3427.370117,2875.929932
2021-12-07,170.711349,3523.290039,2960.72998
2021-12-08,174.600693,3523.159912,2974.409912
2021-12-09,174.082108,3483.419922,2962.120117
2021-12-10,178.958725,3444.23999,2973.5
2021-12-13,175.258881,3391.350098,2934.090088
2021-12-14,173.852753,3381.830078,2899.409912
2021-12-15,178.809143,3466.300049,2947.370117
2021-12-16,171.788406,3377.419922,2896.77002
2021-12-17,170.671478,3400.350098,2856.060059
2021-12-20,169.285278,3341.580078,2848.030029
2021-12-21,172.516403,3408.340088,2884.409912
2021-12-22,175.159149,3420.73999,2938.97998
2021-12-23,175.797409,3421.370117,2942.850098
2021-12-27,179.836319,3393.389893,2961.280029
2021-12-28,178.799149,3413.219971,2928.959961
2021-12-29,178.888916,3384.02002,2930.090088
2021-12-30,177.712143,3372.889893,2920.050049
2021-12-31,177.083878,3334.340088,2893.590088
2022-01-03,181.511703,3408.090088,2901.48999
2022-01-04,179.208038,3350.439941,2888.330078
2022-01-05,174.441116,3287.139893,2753.070068
2022-01-06,171.529129,3265.080078,2751.02002
2022-01-07,171.698654,3251.080078,2740.090088
2022-01-10,171.718597,3229.719971,2771.47998
2022-01-11,174.600693,3307.23999,2800.350098
2022-01-12,175.049454,3304.139893,2832.959961
2022-01-13,171.718597,3224.280029,2782.620117
2022-01-14,172.596207,3242.76001,2795.72998
2022-01-18,169.335144,3178.350098,2725.810059
2022-01-19,165.774918,3125.97998,2713.040039
2022-01-20,164.059616,3033.350098,2670.129883
2022-01-21,161.965378,2852.860107,2601.840088
2022-01-24,161.177521,2890.879883,2607.439941
2022-01-25,159.342575,2799.719971,2534.709961
2022-01-26,159.252823,2777.449951,2584.800049
2022-01-27,158.784119,2792.75,2582.419922
2022-01-28,169.863693,2879.560059,2665.790039
2022-01-31,174.301514,2991.469971,2713.969971
2022-02-01,174.131973,3023.870117,2757.570068
2022-02-02,175.358612,3012.25,2960.72998
2022-02-03,172.426651,2776.909912,2853.01001
2022-02-04,172.137085,3152.790039,2860.320068
2022-02-07,171.408157,3158.709961,2778.76001
2022-02-08,174.573502,3228.27002,2784.26001
2022-02-09,176.021378,3223.790039,2829.060059
2022-02-10,171.867477,3180.070068,2772.050049
2022-02-11,168.392593,3065.870117,2682.600098
2022-02-14,168.632233,3103.340088,2706.0
2022-02-15,172.536499,3130.209961,2728.51001
2022-02-16,172.29686,3162.01001,2749.75
2022-02-17,168.632233,3093.050049,2646.169922
2022-02-18,167.05455,3052.030029,2609.350098
2022-02-22,164.078934,3003.949951,2588.050049
2022-02-23,159.835175,2896.540039,2551.699951
2022-02-24,162.501251,3027.159912,2653.469971
2022-02-25,164.608154,3075.77002,2690.389893
2022-02-28,164.877747,3071.26001,2697.820068
2022-03-01,162.960571,3022.840088,2683.360107
2022-03-02,166.315643,3041.050049,2695.030029
2022-03-03,165.986115,2957.969971,2686.159912
2022-03-04,162.930603,2912.820068,2642.439941
2022-03-07,159.066299,2749.060059,2529.290039
2022-03-08,157.209015,2720.290039,2545.570068
2022-03-09,162.710938,2785.580078,2677.320068
2022-03-10,158.287445,2936.350098,2653.639893
2022-03-11,154.502991,2910.48999,2609.51001
2022-03-14,150.399017,2837.060059,2534.820068
2022-03-15,154.862457,2947.330078,2593.209961
2022-03-16,159.355865,3062.080078,2673.810059
2022-03-17,160.384354,3144.780029,2692.01001
2022-03-18,163.739426,3225.01001,2736.030029
2022-03-21,165.137375,3229.830078,2729.570068
2022-03-22,168.572327,3297.780029,2805.550049
2022-03-23,169.960297,3268.159912,2770.070068
2022-03-24,173.814621,3272.98999,2826.23999
2022-03-25,174.463669,3295.469971,2830.429932
2022-03-28,175.342377,3379.810059,2839.0
2022-03-29,178.697449,3386.300049,2865.0
2022-03-30,177.509201,3326.02002,2852.889893
2022-03-31,174.353836,3259.949951,2792.98999
2022-04-01,174.05426,3271.199951,2814.0
2022-04-04,178.178207,3366.929932,2872.850098
2022-04-05,174.803162,3281.100098,2821.26001
2022-04-06,171.577911,3175.120117,2743.52002
2022-04-07,171.887451,3155.689941,2729.300049
2022-04-08,169.840454,3089.209961,2680.209961
2022-04-11,165.506821,3022.439941,2595.929932
2022-04-12,167.414032,3015.75,2567.48999
2022-04-13,170.149994,3110.820068,2605.719971
2022-04-14,165.047501,3034.129883,2545.060059
2022-04-18,164.827835,3055.699951,2559.219971
2022-04-19,167.154404,3162.310059,2610.620117
2022-04-20,166.98465,3079.959961,2564.909912
2022-04-21,166.175842,2965.919922,2498.75
2022-04-22,161.552628,2887.0,2392.280029
2022-04-25,162.641037,2921.47998,2465.0
2022-04-26,156.569962,2787.820068,2390.120117
2022-04-27,156.340302,2763.340088,2300.409912
2022-04-28,163.399918,2891.929932,2388.22998
2022-04-29,157.418701,2485.629883,2299.330078
2022-05-02,157.728256,2490.0,2343.139893
2022-05-03,159.246017,2485.070068,2362.590088
2022-05-04,165.776428,2518.570068,2451.5
2022-05-05,156.540009,2328.139893,2334.929932
2022-05-06,157.279999,2295.449951,2313.199951
2022-05-09,152.059998,2175.780029,2261.679932
2022-05-10,154.509995,2177.179932,2291.689941
2022-05-11,146.5,2107.439941,2279.219971
2022-05-12,142.559998,2138.610107,2263.219971
2022-05-13,147.110001,2261.100098,2330.310059
2022-05-16,145.539993,2216.209961,2295.850098
2022-05-17,149.240005,2307.370117,2334.030029
2022-05-18,140.820007,2142.25,2248.02002
2022-05-19,137.350006,2146.379883,2214.909912
2022-05-20,137.589996,2151.820068,2186.26001
2022-05-23,143.110001,2151.139893,2233.330078
2022-05-24,140.360001,2082.0,2118.52002
2022-05-25,140.520004,2135.5,2116.790039
2022-05-26,143.779999,2221.550049,2165.919922
2022-05-27,149.639999,2302.929932,2255.97998
